Experimento,Accuracy,F1_macro
Sin preprocesamiento,0.44266666666666665,0.4355731991506079
Con minúsculas,0.44,0.43228944367023486
Con minúsculas y lematización,0.43933333333333335,0.43049948991645515
"Con minúsculas, lematización y min_df=10",0.45266666666666666,0.44497501288878344
Embeddings de documentos (Word2Vec),0.4713333333333333,0.4581359579316248
